"Statistic Label","Month","Selected Sub Indices","UNIT","VALUE"
"Consumer Price Index (Base Dec 2006=100)","1975 November","CPI excluding Housing","Base Dec 2006=100","15.9"
"Consumer Price Index (Base Dec 2006=100)","1975 December","CPI excluding Housing","Base Dec 2006=100","15.9"
"Consumer Price Index (Base Dec 2006=100)","1976 January","CPI excluding Housing","Base Dec 2006=100","17.1"
"Consumer Price Index (Base Dec 2006=100)","1976 February","CPI excluding Housing","Base Dec 2006=100","17.1"
"Consumer Price Index (Base Dec 2006=100)","1976 March","CPI excluding Housing","Base Dec 2006=100","17.1"
"Consumer Price Index (Base Dec 2006=100)","1976 April","CPI excluding Housing","Base Dec 2006=100","18.2"
"Consumer Price Index (Base Dec 2006=100)","1976 May","CPI excluding Housing","Base Dec 2006=100","18.2"
"Consumer Price Index (Base Dec 2006=100)","1976 June","CPI excluding Housing","Base Dec 2006=100","18.2"
"Consumer Price Index (Base Dec 2006=100)","1976 July","CPI excluding Housing","Base Dec 2006=100","18.4"
"Consumer Price Index (Base Dec 2006=100)","1976 August","CPI excluding Housing","Base Dec 2006=100","18.4"
"Consumer Price Index (Base Dec 2006=100)","1976 September","CPI excluding Housing","Base Dec 2006=100","18.4"
"Consumer Price Index (Base Dec 2006=100)","1976 October","CPI excluding Housing","Base Dec 2006=100","19.2"
"Consumer Price Index (Base Dec 2006=100)","1976 November","CPI excluding Housing","Base Dec 2006=100","19.2"
"Consumer Price Index (Base Dec 2006=100)","1976 December","CPI excluding Housing","Base Dec 2006=100","19.2"
"Consumer Price Index (Base Dec 2006=100)","1977 January","CPI excluding Housing","Base Dec 2006=100","19.9"
"Consumer Price Index (Base Dec 2006=100)","1977 February","CPI excluding Housing","Base Dec 2006=100","19.9"
"Consumer Price Index (Base Dec 2006=100)","1977 March","CPI excluding Housing","Base Dec 2006=100","19.9"
"Consumer Price Index (Base Dec 2006=100)","1977 April","CPI excluding Housing","Base Dec 2006=100","20.8"
"Consumer Price Index (Base Dec 2006=100)","1977 May","CPI excluding Housing","Base Dec 2006=100","20.8"
"Consumer Price Index (Base Dec 2006=100)","1977 June","CPI excluding Housing","Base Dec 2006=100","20.8"
"Consumer Price Index (Base Dec 2006=100)","1977 July","CPI excluding Housing","Base Dec 2006=100","21"
"Consumer Price Index (Base Dec 2006=100)","1977 August","CPI excluding Housing","Base Dec 2006=100","21"
"Consumer Price Index (Base Dec 2006=100)","1977 September","CPI excluding Housing","Base Dec 2006=100","21"
"Consumer Price Index (Base Dec 2006=100)","1977 October","CPI excluding Housing","Base Dec 2006=100","21.4"
"Consumer Price Index (Base Dec 2006=100)","1977 November","CPI excluding Housing","Base Dec 2006=100","21.4"
"Consumer Price Index (Base Dec 2006=100)","1977 December","CPI excluding Housing","Base Dec 2006=100","21.4"
"Consumer Price Index (Base Dec 2006=100)","1978 January","CPI excluding Housing","Base Dec 2006=100","21.7"
"Consumer Price Index (Base Dec 2006=100)","1978 February","CPI excluding Housing","Base Dec 2006=100","21.7"
"Consumer Price Index (Base Dec 2006=100)","1978 March","CPI excluding Housing","Base Dec 2006=100","21.7"
"Consumer Price Index (Base Dec 2006=100)","1978 April","CPI excluding Housing","Base Dec 2006=100","22.3"
"Consumer Price Index (Base Dec 2006=100)","1978 May","CPI excluding Housing","Base Dec 2006=100","22.3"
"Consumer Price Index (Base Dec 2006=100)","1978 June","CPI excluding Housing","Base Dec 2006=100","22.3"
"Consumer Price Index (Base Dec 2006=100)","1978 July","CPI excluding Housing","Base Dec 2006=100","23"
"Consumer Price Index (Base Dec 2006=100)","1978 August","CPI excluding Housing","Base Dec 2006=100","23"
"Consumer Price Index (Base Dec 2006=100)","1978 September","CPI excluding Housing","Base Dec 2006=100","23"
"Consumer Price Index (Base Dec 2006=100)","1978 October","CPI excluding Housing","Base Dec 2006=100","23.3"
"Consumer Price Index (Base Dec 2006=100)","1978 November","CPI excluding Housing","Base Dec 2006=100","23.3"
"Consumer Price Index (Base Dec 2006=100)","1978 December","CPI excluding Housing","Base Dec 2006=100","23.3"
"Consumer Price Index (Base Dec 2006=100)","1979 January","CPI excluding Housing","Base Dec 2006=100","24.3"
"Consumer Price Index (Base Dec 2006=100)","1979 February","CPI excluding Housing","Base Dec 2006=100","24.3"
"Consumer Price Index (Base Dec 2006=100)","1979 March","CPI excluding Housing","Base Dec 2006=100","24.3"
"Consumer Price Index (Base Dec 2006=100)","1979 April","CPI excluding Housing","Base Dec 2006=100","25.1"
"Consumer Price Index (Base Dec 2006=100)","1979 May","CPI excluding Housing","Base Dec 2006=100","25.1"
"Consumer Price Index (Base Dec 2006=100)","1979 June","CPI excluding Housing","Base Dec 2006=100","25.1"
"Consumer Price Index (Base Dec 2006=100)","1979 July","CPI excluding Housing","Base Dec 2006=100","26.1"
"Consumer Price Index (Base Dec 2006=100)","1979 August","CPI excluding Housing","Base Dec 2006=100","26.1"
"Consumer Price Index (Base Dec 2006=100)","1979 September","CPI excluding Housing","Base Dec 2006=100","26.1"
"Consumer Price Index (Base Dec 2006=100)","1979 October","CPI excluding Housing","Base Dec 2006=100","27"
"Consumer Price Index (Base Dec 2006=100)","1979 November","CPI excluding Housing","Base Dec 2006=100","27"
"Consumer Price Index (Base Dec 2006=100)","1979 December","CPI excluding Housing","Base Dec 2006=100","27"
"Consumer Price Index (Base Dec 2006=100)","1980 January","CPI excluding Housing","Base Dec 2006=100","28"
"Consumer Price Index (Base Dec 2006=100)","1980 February","CPI excluding Housing","Base Dec 2006=100","28"
"Consumer Price Index (Base Dec 2006=100)","1980 March","CPI excluding Housing","Base Dec 2006=100","28"
"Consumer Price Index (Base Dec 2006=100)","1980 April","CPI excluding Housing","Base Dec 2006=100","30.1"
"Consumer Price Index (Base Dec 2006=100)","1980 May","CPI excluding Housing","Base Dec 2006=100","30.1"
"Consumer Price Index (Base Dec 2006=100)","1980 June","CPI excluding Housing","Base Dec 2006=100","30.1"
"Consumer Price Index (Base Dec 2006=100)","1980 July","CPI excluding Housing","Base Dec 2006=100","31"
"Consumer Price Index (Base Dec 2006=100)","1980 August","CPI excluding Housing","Base Dec 2006=100","31"
"Consumer Price Index (Base Dec 2006=100)","1980 September","CPI excluding Housing","Base Dec 2006=100","31"
"Consumer Price Index (Base Dec 2006=100)","1980 October","CPI excluding Housing","Base Dec 2006=100","31.9"
"Consumer Price Index (Base Dec 2006=100)","1980 November","CPI excluding Housing","Base Dec 2006=100","31.9"
"Consumer Price Index (Base Dec 2006=100)","1980 December","CPI excluding Housing","Base Dec 2006=100","31.9"
"Consumer Price Index (Base Dec 2006=100)","1981 January","CPI excluding Housing","Base Dec 2006=100","34"
"Consumer Price Index (Base Dec 2006=100)","1981 February","CPI excluding Housing","Base Dec 2006=100","34"
"Consumer Price Index (Base Dec 2006=100)","1981 March","CPI excluding Housing","Base Dec 2006=100","34"
"Consumer Price Index (Base Dec 2006=100)","1981 April","CPI excluding Housing","Base Dec 2006=100","35.3"
"Consumer Price Index (Base Dec 2006=100)","1981 May","CPI excluding Housing","Base Dec 2006=100","35.3"
"Consumer Price Index (Base Dec 2006=100)","1981 June","CPI excluding Housing","Base Dec 2006=100","35.3"
"Consumer Price Index (Base Dec 2006=100)","1981 July","CPI excluding Housing","Base Dec 2006=100","37.3"
"Consumer Price Index (Base Dec 2006=100)","1981 August","CPI excluding Housing","Base Dec 2006=100","37.3"
"Consumer Price Index (Base Dec 2006=100)","1981 September","CPI excluding Housing","Base Dec 2006=100","37.3"
"Consumer Price Index (Base Dec 2006=100)","1981 October","CPI excluding Housing","Base Dec 2006=100","39.5"
"Consumer Price Index (Base Dec 2006=100)","1981 November","CPI excluding Housing","Base Dec 2006=100","39.5"
"Consumer Price Index (Base Dec 2006=100)","1981 December","CPI excluding Housing","Base Dec 2006=100","39.5"
"Consumer Price Index (Base Dec 2006=100)","1982 January","CPI excluding Housing","Base Dec 2006=100","40.4"
"Consumer Price Index (Base Dec 2006=100)","1982 February","CPI excluding Housing","Base Dec 2006=100","40.4"
"Consumer Price Index (Base Dec 2006=100)","1982 March","CPI excluding Housing","Base Dec 2006=100","40.4"
"Consumer Price Index (Base Dec 2006=100)","1982 April","CPI excluding Housing","Base Dec 2006=100","42.7"
"Consumer Price Index (Base Dec 2006=100)","1982 May","CPI excluding Housing","Base Dec 2006=100","42.7"
"Consumer Price Index (Base Dec 2006=100)","1982 June","CPI excluding Housing","Base Dec 2006=100","42.7"
"Consumer Price Index (Base Dec 2006=100)","1982 July","CPI excluding Housing","Base Dec 2006=100","43.6"
"Consumer Price Index (Base Dec 2006=100)","1982 August","CPI excluding Housing","Base Dec 2006=100","43.6"
"Consumer Price Index (Base Dec 2006=100)","1982 September","CPI excluding Housing","Base Dec 2006=100","43.6"
"Consumer Price Index (Base Dec 2006=100)","1982 October","CPI excluding Housing","Base Dec 2006=100","44.3"
"Consumer Price Index (Base Dec 2006=100)","1982 November","CPI excluding Housing","Base Dec 2006=100","44.3"
"Consumer Price Index (Base Dec 2006=100)","1982 December","CPI excluding Housing","Base Dec 2006=100","44.3"
"Consumer Price Index (Base Dec 2006=100)","1983 January","CPI excluding Housing","Base Dec 2006=100","45.5"
"Consumer Price Index (Base Dec 2006=100)","1983 February","CPI excluding Housing","Base Dec 2006=100","45.5"
"Consumer Price Index (Base Dec 2006=100)","1983 March","CPI excluding Housing","Base Dec 2006=100","45.5"
"Consumer Price Index (Base Dec 2006=100)","1983 April","CPI excluding Housing","Base Dec 2006=100","46.8"
"Consumer Price Index (Base Dec 2006=100)","1983 May","CPI excluding Housing","Base Dec 2006=100","46.8"
"Consumer Price Index (Base Dec 2006=100)","1983 June","CPI excluding Housing","Base Dec 2006=100","46.8"
"Consumer Price Index (Base Dec 2006=100)","1983 July","CPI excluding Housing","Base Dec 2006=100","48.1"
"Consumer Price Index (Base Dec 2006=100)","1983 August","CPI excluding Housing","Base Dec 2006=100","48.1"
"Consumer Price Index (Base Dec 2006=100)","1983 September","CPI excluding Housing","Base Dec 2006=100","48.1"
"Consumer Price Index (Base Dec 2006=100)","1983 October","CPI excluding Housing","Base Dec 2006=100","49"
"Consumer Price Index (Base Dec 2006=100)","1983 November","CPI excluding Housing","Base Dec 2006=100","49"
"Consumer Price Index (Base Dec 2006=100)","1983 December","CPI excluding Housing","Base Dec 2006=100","49"
"Consumer Price Index (Base Dec 2006=100)","1984 January","CPI excluding Housing","Base Dec 2006=100","50.2"
"Consumer Price Index (Base Dec 2006=100)","1984 February","CPI excluding Housing","Base Dec 2006=100","50.2"
"Consumer Price Index (Base Dec 2006=100)","1984 March","CPI excluding Housing","Base Dec 2006=100","50.2"
"Consumer Price Index (Base Dec 2006=100)","1984 April","CPI excluding Housing","Base Dec 2006=100","51.3"
"Consumer Price Index (Base Dec 2006=100)","1984 May","CPI excluding Housing","Base Dec 2006=100","51.3"
"Consumer Price Index (Base Dec 2006=100)","1984 June","CPI excluding Housing","Base Dec 2006=100","51.3"
"Consumer Price Index (Base Dec 2006=100)","1984 July","CPI excluding Housing","Base Dec 2006=100","51.9"
"Consumer Price Index (Base Dec 2006=100)","1984 August","CPI excluding Housing","Base Dec 2006=100","51.9"
"Consumer Price Index (Base Dec 2006=100)","1984 September","CPI excluding Housing","Base Dec 2006=100","51.9"
"Consumer Price Index (Base Dec 2006=100)","1984 October","CPI excluding Housing","Base Dec 2006=100","52.3"
"Consumer Price Index (Base Dec 2006=100)","1984 November","CPI excluding Housing","Base Dec 2006=100","52.3"
"Consumer Price Index (Base Dec 2006=100)","1984 December","CPI excluding Housing","Base Dec 2006=100","52.3"
"Consumer Price Index (Base Dec 2006=100)","1985 January","CPI excluding Housing","Base Dec 2006=100","53.2"
"Consumer Price Index (Base Dec 2006=100)","1985 February","CPI excluding Housing","Base Dec 2006=100","53.2"
"Consumer Price Index (Base Dec 2006=100)","1985 March","CPI excluding Housing","Base Dec 2006=100","53.2"
"Consumer Price Index (Base Dec 2006=100)","1985 April","CPI excluding Housing","Base Dec 2006=100","53.8"
"Consumer Price Index (Base Dec 2006=100)","1985 May","CPI excluding Housing","Base Dec 2006=100","53.8"
"Consumer Price Index (Base Dec 2006=100)","1985 June","CPI excluding Housing","Base Dec 2006=100","53.8"
"Consumer Price Index (Base Dec 2006=100)","1985 July","CPI excluding Housing","Base Dec 2006=100","54.6"
"Consumer Price Index (Base Dec 2006=100)","1985 August","CPI excluding Housing","Base Dec 2006=100","54.6"
"Consumer Price Index (Base Dec 2006=100)","1985 September","CPI excluding Housing","Base Dec 2006=100","54.6"
"Consumer Price Index (Base Dec 2006=100)","1985 October","CPI excluding Housing","Base Dec 2006=100","54.9"
"Consumer Price Index (Base Dec 2006=100)","1985 November","CPI excluding Housing","Base Dec 2006=100","54.9"
"Consumer Price Index (Base Dec 2006=100)","1985 December","CPI excluding Housing","Base Dec 2006=100","54.9"
"Consumer Price Index (Base Dec 2006=100)","1986 January","CPI excluding Housing","Base Dec 2006=100","55.7"
"Consumer Price Index (Base Dec 2006=100)","1986 February","CPI excluding Housing","Base Dec 2006=100","55.7"
"Consumer Price Index (Base Dec 2006=100)","1986 March","CPI excluding Housing","Base Dec 2006=100","55.7"
"Consumer Price Index (Base Dec 2006=100)","1986 April","CPI excluding Housing","Base Dec 2006=100","56.2"
"Consumer Price Index (Base Dec 2006=100)","1986 May","CPI excluding Housing","Base Dec 2006=100","56.2"
"Consumer Price Index (Base Dec 2006=100)","1986 June","CPI excluding Housing","Base Dec 2006=100","56.2"
"Consumer Price Index (Base Dec 2006=100)","1986 July","CPI excluding Housing","Base Dec 2006=100","56.3"
"Consumer Price Index (Base Dec 2006=100)","1986 August","CPI excluding Housing","Base Dec 2006=100","56.3"
"Consumer Price Index (Base Dec 2006=100)","1986 September","CPI excluding Housing","Base Dec 2006=100","56.3"
"Consumer Price Index (Base Dec 2006=100)","1986 October","CPI excluding Housing","Base Dec 2006=100","56.5"
"Consumer Price Index (Base Dec 2006=100)","1986 November","CPI excluding Housing","Base Dec 2006=100","56.5"
"Consumer Price Index (Base Dec 2006=100)","1986 December","CPI excluding Housing","Base Dec 2006=100","56.5"
"Consumer Price Index (Base Dec 2006=100)","1987 January","CPI excluding Housing","Base Dec 2006=100","57.2"
"Consumer Price Index (Base Dec 2006=100)","1987 February","CPI excluding Housing","Base Dec 2006=100","57.2"
"Consumer Price Index (Base Dec 2006=100)","1987 March","CPI excluding Housing","Base Dec 2006=100","57.2"
"Consumer Price Index (Base Dec 2006=100)","1987 April","CPI excluding Housing","Base Dec 2006=100","57.5"
"Consumer Price Index (Base Dec 2006=100)","1987 May","CPI excluding Housing","Base Dec 2006=100","57.5"
"Consumer Price Index (Base Dec 2006=100)","1987 June","CPI excluding Housing","Base Dec 2006=100","57.5"
"Consumer Price Index (Base Dec 2006=100)","1987 July","CPI excluding Housing","Base Dec 2006=100","57.9"
"Consumer Price Index (Base Dec 2006=100)","1987 August","CPI excluding Housing","Base Dec 2006=100","57.9"
"Consumer Price Index (Base Dec 2006=100)","1987 September","CPI excluding Housing","Base Dec 2006=100","57.9"
"Consumer Price Index (Base Dec 2006=100)","1987 October","CPI excluding Housing","Base Dec 2006=100","58.1"
"Consumer Price Index (Base Dec 2006=100)","1987 November","CPI excluding Housing","Base Dec 2006=100","58.1"
"Consumer Price Index (Base Dec 2006=100)","1987 December","CPI excluding Housing","Base Dec 2006=100","58.1"
"Consumer Price Index (Base Dec 2006=100)","1988 January","CPI excluding Housing","Base Dec 2006=100","58.5"
"Consumer Price Index (Base Dec 2006=100)","1988 February","CPI excluding Housing","Base Dec 2006=100","58.5"
"Consumer Price Index (Base Dec 2006=100)","1988 March","CPI excluding Housing","Base Dec 2006=100","58.5"
"Consumer Price Index (Base Dec 2006=100)","1988 April","CPI excluding Housing","Base Dec 2006=100","58.8"
"Consumer Price Index (Base Dec 2006=100)","1988 May","CPI excluding Housing","Base Dec 2006=100","58.8"
"Consumer Price Index (Base Dec 2006=100)","1988 June","CPI excluding Housing","Base Dec 2006=100","58.8"
"Consumer Price Index (Base Dec 2006=100)","1988 July","CPI excluding Housing","Base Dec 2006=100","59.3"
"Consumer Price Index (Base Dec 2006=100)","1988 August","CPI excluding Housing","Base Dec 2006=100","59.3"
"Consumer Price Index (Base Dec 2006=100)","1988 September","CPI excluding Housing","Base Dec 2006=100","59.3"
"Consumer Price Index (Base Dec 2006=100)","1988 October","CPI excluding Housing","Base Dec 2006=100","59.6"
"Consumer Price Index (Base Dec 2006=100)","1988 November","CPI excluding Housing","Base Dec 2006=100","59.6"
"Consumer Price Index (Base Dec 2006=100)","1988 December","CPI excluding Housing","Base Dec 2006=100","59.6"
"Consumer Price Index (Base Dec 2006=100)","1989 January","CPI excluding Housing","Base Dec 2006=100","60.4"
"Consumer Price Index (Base Dec 2006=100)","1989 February","CPI excluding Housing","Base Dec 2006=100","60.4"
"Consumer Price Index (Base Dec 2006=100)","1989 March","CPI excluding Housing","Base Dec 2006=100","60.4"
"Consumer Price Index (Base Dec 2006=100)","1989 April","CPI excluding Housing","Base Dec 2006=100","61"
"Consumer Price Index (Base Dec 2006=100)","1989 May","CPI excluding Housing","Base Dec 2006=100","61"
"Consumer Price Index (Base Dec 2006=100)","1989 June","CPI excluding Housing","Base Dec 2006=100","61"
"Consumer Price Index (Base Dec 2006=100)","1989 July","CPI excluding Housing","Base Dec 2006=100","61.8"
"Consumer Price Index (Base Dec 2006=100)","1989 August","CPI excluding Housing","Base Dec 2006=100","61.8"
"Consumer Price Index (Base Dec 2006=100)","1989 September","CPI excluding Housing","Base Dec 2006=100","61.8"
"Consumer Price Index (Base Dec 2006=100)","1989 October","CPI excluding Housing","Base Dec 2006=100","62.1"
"Consumer Price Index (Base Dec 2006=100)","1989 November","CPI excluding Housing","Base Dec 2006=100","62.1"
"Consumer Price Index (Base Dec 2006=100)","1989 December","CPI excluding Housing","Base Dec 2006=100","62.1"
"Consumer Price Index (Base Dec 2006=100)","1990 January","CPI excluding Housing","Base Dec 2006=100","62.5"
"Consumer Price Index (Base Dec 2006=100)","1990 February","CPI excluding Housing","Base Dec 2006=100","62.5"
"Consumer Price Index (Base Dec 2006=100)","1990 March","CPI excluding Housing","Base Dec 2006=100","62.5"
"Consumer Price Index (Base Dec 2006=100)","1990 April","CPI excluding Housing","Base Dec 2006=100","62.5"
"Consumer Price Index (Base Dec 2006=100)","1990 May","CPI excluding Housing","Base Dec 2006=100","62.5"
"Consumer Price Index (Base Dec 2006=100)","1990 June","CPI excluding Housing","Base Dec 2006=100","62.5"
"Consumer Price Index (Base Dec 2006=100)","1990 July","CPI excluding Housing","Base Dec 2006=100","63"
"Consumer Price Index (Base Dec 2006=100)","1990 August","CPI excluding Housing","Base Dec 2006=100","63"
"Consumer Price Index (Base Dec 2006=100)","1990 September","CPI excluding Housing","Base Dec 2006=100","63"
"Consumer Price Index (Base Dec 2006=100)","1990 October","CPI excluding Housing","Base Dec 2006=100","63.5"
"Consumer Price Index (Base Dec 2006=100)","1990 November","CPI excluding Housing","Base Dec 2006=100","63.5"
"Consumer Price Index (Base Dec 2006=100)","1990 December","CPI excluding Housing","Base Dec 2006=100","63.5"
"Consumer Price Index (Base Dec 2006=100)","1991 January","CPI excluding Housing","Base Dec 2006=100","63.8"
"Consumer Price Index (Base Dec 2006=100)","1991 February","CPI excluding Housing","Base Dec 2006=100","63.8"
"Consumer Price Index (Base Dec 2006=100)","1991 March","CPI excluding Housing","Base Dec 2006=100","63.8"
"Consumer Price Index (Base Dec 2006=100)","1991 April","CPI excluding Housing","Base Dec 2006=100","64.4"
"Consumer Price Index (Base Dec 2006=100)","1991 May","CPI excluding Housing","Base Dec 2006=100","64.4"
"Consumer Price Index (Base Dec 2006=100)","1991 June","CPI excluding Housing","Base Dec 2006=100","64.4"
"Consumer Price Index (Base Dec 2006=100)","1991 July","CPI excluding Housing","Base Dec 2006=100","65.2"
"Consumer Price Index (Base Dec 2006=100)","1991 August","CPI excluding Housing","Base Dec 2006=100","65.2"
"Consumer Price Index (Base Dec 2006=100)","1991 September","CPI excluding Housing","Base Dec 2006=100","65.2"
"Consumer Price Index (Base Dec 2006=100)","1991 October","CPI excluding Housing","Base Dec 2006=100","65.7"
"Consumer Price Index (Base Dec 2006=100)","1991 November","CPI excluding Housing","Base Dec 2006=100","65.7"
"Consumer Price Index (Base Dec 2006=100)","1991 December","CPI excluding Housing","Base Dec 2006=100","65.7"
"Consumer Price Index (Base Dec 2006=100)","1992 January","CPI excluding Housing","Base Dec 2006=100","66.1"
"Consumer Price Index (Base Dec 2006=100)","1992 February","CPI excluding Housing","Base Dec 2006=100","66.1"
"Consumer Price Index (Base Dec 2006=100)","1992 March","CPI excluding Housing","Base Dec 2006=100","66.1"
"Consumer Price Index (Base Dec 2006=100)","1992 April","CPI excluding Housing","Base Dec 2006=100","66.5"
"Consumer Price Index (Base Dec 2006=100)","1992 May","CPI excluding Housing","Base Dec 2006=100","66.5"
"Consumer Price Index (Base Dec 2006=100)","1992 June","CPI excluding Housing","Base Dec 2006=100","66.5"
"Consumer Price Index (Base Dec 2006=100)","1992 July","CPI excluding Housing","Base Dec 2006=100","67"
"Consumer Price Index (Base Dec 2006=100)","1992 August","CPI excluding Housing","Base Dec 2006=100","67"
"Consumer Price Index (Base Dec 2006=100)","1992 September","CPI excluding Housing","Base Dec 2006=100","67"
"Consumer Price Index (Base Dec 2006=100)","1992 October","CPI excluding Housing","Base Dec 2006=100","66.5"
"Consumer Price Index (Base Dec 2006=100)","1992 November","CPI excluding Housing","Base Dec 2006=100","66.5"
"Consumer Price Index (Base Dec 2006=100)","1992 December","CPI excluding Housing","Base Dec 2006=100","66.5"
"Consumer Price Index (Base Dec 2006=100)","1993 January","CPI excluding Housing","Base Dec 2006=100","66.7"
"Consumer Price Index (Base Dec 2006=100)","1993 February","CPI excluding Housing","Base Dec 2006=100","66.7"
"Consumer Price Index (Base Dec 2006=100)","1993 March","CPI excluding Housing","Base Dec 2006=100","66.7"
"Consumer Price Index (Base Dec 2006=100)","1993 April","CPI excluding Housing","Base Dec 2006=100","67.5"
"Consumer Price Index (Base Dec 2006=100)","1993 May","CPI excluding Housing","Base Dec 2006=100","67.5"
"Consumer Price Index (Base Dec 2006=100)","1993 June","CPI excluding Housing","Base Dec 2006=100","67.5"
"Consumer Price Index (Base Dec 2006=100)","1993 July","CPI excluding Housing","Base Dec 2006=100","68.5"
"Consumer Price Index (Base Dec 2006=100)","1993 August","CPI excluding Housing","Base Dec 2006=100","68.5"
"Consumer Price Index (Base Dec 2006=100)","1993 September","CPI excluding Housing","Base Dec 2006=100","68.5"
"Consumer Price Index (Base Dec 2006=100)","1993 October","CPI excluding Housing","Base Dec 2006=100","68.6"
"Consumer Price Index (Base Dec 2006=100)","1993 November","CPI excluding Housing","Base Dec 2006=100","68.6"
"Consumer Price Index (Base Dec 2006=100)","1993 December","CPI excluding Housing","Base Dec 2006=100","68.6"
"Consumer Price Index (Base Dec 2006=100)","1994 January","CPI excluding Housing","Base Dec 2006=100","69.1"
"Consumer Price Index (Base Dec 2006=100)","1994 February","CPI excluding Housing","Base Dec 2006=100","69.1"
"Consumer Price Index (Base Dec 2006=100)","1994 March","CPI excluding Housing","Base Dec 2006=100","69.1"
"Consumer Price Index (Base Dec 2006=100)","1994 April","CPI excluding Housing","Base Dec 2006=100","69.7"
"Consumer Price Index (Base Dec 2006=100)","1994 May","CPI excluding Housing","Base Dec 2006=100","69.7"
"Consumer Price Index (Base Dec 2006=100)","1994 June","CPI excluding Housing","Base Dec 2006=100","69.7"
"Consumer Price Index (Base Dec 2006=100)","1994 July","CPI excluding Housing","Base Dec 2006=100","70.2"
"Consumer Price Index (Base Dec 2006=100)","1994 August","CPI excluding Housing","Base Dec 2006=100","70.2"
"Consumer Price Index (Base Dec 2006=100)","1994 September","CPI excluding Housing","Base Dec 2006=100","70.2"
"Consumer Price Index (Base Dec 2006=100)","1994 October","CPI excluding Housing","Base Dec 2006=100","70.3"
"Consumer Price Index (Base Dec 2006=100)","1994 November","CPI excluding Housing","Base Dec 2006=100","70.3"
"Consumer Price Index (Base Dec 2006=100)","1994 December","CPI excluding Housing","Base Dec 2006=100","70.3"
"Consumer Price Index (Base Dec 2006=100)","1995 January","CPI excluding Housing","Base Dec 2006=100","70.9"
"Consumer Price Index (Base Dec 2006=100)","1995 February","CPI excluding Housing","Base Dec 2006=100","70.9"
"Consumer Price Index (Base Dec 2006=100)","1995 March","CPI excluding Housing","Base Dec 2006=100","70.9"
"Consumer Price Index (Base Dec 2006=100)","1995 April","CPI excluding Housing","Base Dec 2006=100","71.4"
"Consumer Price Index (Base Dec 2006=100)","1995 May","CPI excluding Housing","Base Dec 2006=100","71.4"
"Consumer Price Index (Base Dec 2006=100)","1995 June","CPI excluding Housing","Base Dec 2006=100","71.4"
"Consumer Price Index (Base Dec 2006=100)","1995 July","CPI excluding Housing","Base Dec 2006=100","71.7"
"Consumer Price Index (Base Dec 2006=100)","1995 August","CPI excluding Housing","Base Dec 2006=100","71.7"
"Consumer Price Index (Base Dec 2006=100)","1995 September","CPI excluding Housing","Base Dec 2006=100","71.7"
"Consumer Price Index (Base Dec 2006=100)","1995 October","CPI excluding Housing","Base Dec 2006=100","71.8"
"Consumer Price Index (Base Dec 2006=100)","1995 November","CPI excluding Housing","Base Dec 2006=100","71.8"
"Consumer Price Index (Base Dec 2006=100)","1995 December","CPI excluding Housing","Base Dec 2006=100","71.8"
"Consumer Price Index (Base Dec 2006=100)","1996 January","CPI excluding Housing","Base Dec 2006=100","72.2"
"Consumer Price Index (Base Dec 2006=100)","1996 February","CPI excluding Housing","Base Dec 2006=100","72.2"
"Consumer Price Index (Base Dec 2006=100)","1996 March","CPI excluding Housing","Base Dec 2006=100","72.2"
"Consumer Price Index (Base Dec 2006=100)","1996 April","CPI excluding Housing","Base Dec 2006=100","72.6"
"Consumer Price Index (Base Dec 2006=100)","1996 May","CPI excluding Housing","Base Dec 2006=100","72.6"
"Consumer Price Index (Base Dec 2006=100)","1996 June","CPI excluding Housing","Base Dec 2006=100","72.6"
"Consumer Price Index (Base Dec 2006=100)","1996 July","CPI excluding Housing","Base Dec 2006=100","72.9"
"Consumer Price Index (Base Dec 2006=100)","1996 August","CPI excluding Housing","Base Dec 2006=100","72.9"
"Consumer Price Index (Base Dec 2006=100)","1996 September","CPI excluding Housing","Base Dec 2006=100","72.9"
"Consumer Price Index (Base Dec 2006=100)","1996 October","CPI excluding Housing","Base Dec 2006=100","73.2"
"Consumer Price Index (Base Dec 2006=100)","1996 November","CPI excluding Housing","Base Dec 2006=100","73.2"
"Consumer Price Index (Base Dec 2006=100)","1996 December","CPI excluding Housing","Base Dec 2006=100","73.2"
"Consumer Price Index (Base Dec 2006=100)","1997 January","CPI excluding Housing","Base Dec 2006=100","72.9"
"Consumer Price Index (Base Dec 2006=100)","1997 February","CPI excluding Housing","Base Dec 2006=100","73.3"
"Consumer Price Index (Base Dec 2006=100)","1997 March","CPI excluding Housing","Base Dec 2006=100","73.4"
"Consumer Price Index (Base Dec 2006=100)","1997 April","CPI excluding Housing","Base Dec 2006=100","73.4"
"Consumer Price Index (Base Dec 2006=100)","1997 May","CPI excluding Housing","Base Dec 2006=100","73.5"
"Consumer Price Index (Base Dec 2006=100)","1997 June","CPI excluding Housing","Base Dec 2006=100","73.7"
"Consumer Price Index (Base Dec 2006=100)","1997 July","CPI excluding Housing","Base Dec 2006=100","73.5"
"Consumer Price Index (Base Dec 2006=100)","1997 August","CPI excluding Housing","Base Dec 2006=100","73.5"
"Consumer Price Index (Base Dec 2006=100)","1997 September","CPI excluding Housing","Base Dec 2006=100","73.9"
"Consumer Price Index (Base Dec 2006=100)","1997 October","CPI excluding Housing","Base Dec 2006=100","74.1"
"Consumer Price Index (Base Dec 2006=100)","1997 November","CPI excluding Housing","Base Dec 2006=100","74.4"
"Consumer Price Index (Base Dec 2006=100)","1997 December","CPI excluding Housing","Base Dec 2006=100","74.6"
"Consumer Price Index (Base Dec 2006=100)","1998 January","CPI excluding Housing","Base Dec 2006=100","74.1"
"Consumer Price Index (Base Dec 2006=100)","1998 February","CPI excluding Housing","Base Dec 2006=100","74.5"
"Consumer Price Index (Base Dec 2006=100)","1998 March","CPI excluding Housing","Base Dec 2006=100","74.9"
"Consumer Price Index (Base Dec 2006=100)","1998 April","CPI excluding Housing","Base Dec 2006=100","75.3"
"Consumer Price Index (Base Dec 2006=100)","1998 May","CPI excluding Housing","Base Dec 2006=100","75.6"
"Consumer Price Index (Base Dec 2006=100)","1998 June","CPI excluding Housing","Base Dec 2006=100","75.9"
"Consumer Price Index (Base Dec 2006=100)","1998 July","CPI excluding Housing","Base Dec 2006=100","75.7"
"Consumer Price Index (Base Dec 2006=100)","1998 August","CPI excluding Housing","Base Dec 2006=100","75.8"
"Consumer Price Index (Base Dec 2006=100)","1998 September","CPI excluding Housing","Base Dec 2006=100","76.1"
"Consumer Price Index (Base Dec 2006=100)","1998 October","CPI excluding Housing","Base Dec 2006=100","76.1"
"Consumer Price Index (Base Dec 2006=100)","1998 November","CPI excluding Housing","Base Dec 2006=100","76.1"
"Consumer Price Index (Base Dec 2006=100)","1998 December","CPI excluding Housing","Base Dec 2006=100","76.3"
"Consumer Price Index (Base Dec 2006=100)","1999 January","CPI excluding Housing","Base Dec 2006=100","75.8"
"Consumer Price Index (Base Dec 2006=100)","1999 February","CPI excluding Housing","Base Dec 2006=100","76.3"
"Consumer Price Index (Base Dec 2006=100)","1999 March","CPI excluding Housing","Base Dec 2006=100","76.6"
"Consumer Price Index (Base Dec 2006=100)","1999 April","CPI excluding Housing","Base Dec 2006=100","76.9"
"Consumer Price Index (Base Dec 2006=100)","1999 May","CPI excluding Housing","Base Dec 2006=100","77.4"
"Consumer Price Index (Base Dec 2006=100)","1999 June","CPI excluding Housing","Base Dec 2006=100","77.7"
"Consumer Price Index (Base Dec 2006=100)","1999 July","CPI excluding Housing","Base Dec 2006=100","77.4"
"Consumer Price Index (Base Dec 2006=100)","1999 August","CPI excluding Housing","Base Dec 2006=100","77.8"
"Consumer Price Index (Base Dec 2006=100)","1999 September","CPI excluding Housing","Base Dec 2006=100","78.3"
"Consumer Price Index (Base Dec 2006=100)","1999 October","CPI excluding Housing","Base Dec 2006=100","78.5"
"Consumer Price Index (Base Dec 2006=100)","1999 November","CPI excluding Housing","Base Dec 2006=100","78.7"
"Consumer Price Index (Base Dec 2006=100)","1999 December","CPI excluding Housing","Base Dec 2006=100","79.6"
"Consumer Price Index (Base Dec 2006=100)","2000 January","CPI excluding Housing","Base Dec 2006=100","79.4"
"Consumer Price Index (Base Dec 2006=100)","2000 February","CPI excluding Housing","Base Dec 2006=100","80"
"Consumer Price Index (Base Dec 2006=100)","2000 March","CPI excluding Housing","Base Dec 2006=100","80.5"
"Consumer Price Index (Base Dec 2006=100)","2000 April","CPI excluding Housing","Base Dec 2006=100","81"
"Consumer Price Index (Base Dec 2006=100)","2000 May","CPI excluding Housing","Base Dec 2006=100","81.5"
"Consumer Price Index (Base Dec 2006=100)","2000 June","CPI excluding Housing","Base Dec 2006=100","81.9"
"Consumer Price Index (Base Dec 2006=100)","2000 July","CPI excluding Housing","Base Dec 2006=100","81.9"
"Consumer Price Index (Base Dec 2006=100)","2000 August","CPI excluding Housing","Base Dec 2006=100","82.3"
"Consumer Price Index (Base Dec 2006=100)","2000 September","CPI excluding Housing","Base Dec 2006=100","82.5"
"Consumer Price Index (Base Dec 2006=100)","2000 October","CPI excluding Housing","Base Dec 2006=100","83.1"
"Consumer Price Index (Base Dec 2006=100)","2000 November","CPI excluding Housing","Base Dec 2006=100","83.1"
"Consumer Price Index (Base Dec 2006=100)","2000 December","CPI excluding Housing","Base Dec 2006=100","83.1"
"Consumer Price Index (Base Dec 2006=100)","2001 January","CPI excluding Housing","Base Dec 2006=100","82.3"
"Consumer Price Index (Base Dec 2006=100)","2001 February","CPI excluding Housing","Base Dec 2006=100","83.1"
"Consumer Price Index (Base Dec 2006=100)","2001 March","CPI excluding Housing","Base Dec 2006=100","83.7"
"Consumer Price Index (Base Dec 2006=100)","2001 April","CPI excluding Housing","Base Dec 2006=100","84.4"
"Consumer Price Index (Base Dec 2006=100)","2001 May","CPI excluding Housing","Base Dec 2006=100","84.9"
"Consumer Price Index (Base Dec 2006=100)","2001 June","CPI excluding Housing","Base Dec 2006=100","85.4"
"Consumer Price Index (Base Dec 2006=100)","2001 July","CPI excluding Housing","Base Dec 2006=100","85.2"
"Consumer Price Index (Base Dec 2006=100)","2001 August","CPI excluding Housing","Base Dec 2006=100","85.4"
"Consumer Price Index (Base Dec 2006=100)","2001 September","CPI excluding Housing","Base Dec 2006=100","85.7"
"Consumer Price Index (Base Dec 2006=100)","2001 October","CPI excluding Housing","Base Dec 2006=100","86.3"
"Consumer Price Index (Base Dec 2006=100)","2001 November","CPI excluding Housing","Base Dec 2006=100","86.3"
"Consumer Price Index (Base Dec 2006=100)","2001 December","CPI excluding Housing","Base Dec 2006=100","86.9"
"Consumer Price Index (Base Dec 2006=100)","2002 January","CPI excluding Housing","Base Dec 2006=100","86.7"
"Consumer Price Index (Base Dec 2006=100)","2002 February","CPI excluding Housing","Base Dec 2006=100","87.3"
"Consumer Price Index (Base Dec 2006=100)","2002 March","CPI excluding Housing","Base Dec 2006=100","88.1"
"Consumer Price Index (Base Dec 2006=100)","2002 April","CPI excluding Housing","Base Dec 2006=100","88.9"
"Consumer Price Index (Base Dec 2006=100)","2002 May","CPI excluding Housing","Base Dec 2006=100","89.4"
"Consumer Price Index (Base Dec 2006=100)","2002 June","CPI excluding Housing","Base Dec 2006=100","89.5"
"Consumer Price Index (Base Dec 2006=100)","2002 July","CPI excluding Housing","Base Dec 2006=100","88.9"
"Consumer Price Index (Base Dec 2006=100)","2002 August","CPI excluding Housing","Base Dec 2006=100","89.5"
"Consumer Price Index (Base Dec 2006=100)","2002 September","CPI excluding Housing","Base Dec 2006=100","89.9"
"Consumer Price Index (Base Dec 2006=100)","2002 October","CPI excluding Housing","Base Dec 2006=100","90.3"
"Consumer Price Index (Base Dec 2006=100)","2002 November","CPI excluding Housing","Base Dec 2006=100","90.4"
"Consumer Price Index (Base Dec 2006=100)","2002 December","CPI excluding Housing","Base Dec 2006=100","91"
"Consumer Price Index (Base Dec 2006=100)","2003 January","CPI excluding Housing","Base Dec 2006=100","91.1"
"Consumer Price Index (Base Dec 2006=100)","2003 February","CPI excluding Housing","Base Dec 2006=100","92"
"Consumer Price Index (Base Dec 2006=100)","2003 March","CPI excluding Housing","Base Dec 2006=100","92.7"
"Consumer Price Index (Base Dec 2006=100)","2003 April","CPI excluding Housing","Base Dec 2006=100","93.1"
"Consumer Price Index (Base Dec 2006=100)","2003 May","CPI excluding Housing","Base Dec 2006=100","93"
"Consumer Price Index (Base Dec 2006=100)","2003 June","CPI excluding Housing","Base Dec 2006=100","93"
"Consumer Price Index (Base Dec 2006=100)","2003 July","CPI excluding Housing","Base Dec 2006=100","92.7"
"Consumer Price Index (Base Dec 2006=100)","2003 August","CPI excluding Housing","Base Dec 2006=100","93.2"
"Consumer Price Index (Base Dec 2006=100)","2003 September","CPI excluding Housing","Base Dec 2006=100","93.3"
"Consumer Price Index (Base Dec 2006=100)","2003 October","CPI excluding Housing","Base Dec 2006=100","93.2"
"Consumer Price Index (Base Dec 2006=100)","2003 November","CPI excluding Housing","Base Dec 2006=100","93.2"
"Consumer Price Index (Base Dec 2006=100)","2003 December","CPI excluding Housing","Base Dec 2006=100","93.6"
"Consumer Price Index (Base Dec 2006=100)","2004 January","CPI excluding Housing","Base Dec 2006=100","93"
"Consumer Price Index (Base Dec 2006=100)","2004 February","CPI excluding Housing","Base Dec 2006=100","93.9"
"Consumer Price Index (Base Dec 2006=100)","2004 March","CPI excluding Housing","Base Dec 2006=100","94.2"
"Consumer Price Index (Base Dec 2006=100)","2004 April","CPI excluding Housing","Base Dec 2006=100","94.5"
"Consumer Price Index (Base Dec 2006=100)","2004 May","CPI excluding Housing","Base Dec 2006=100","94.7"
"Consumer Price Index (Base Dec 2006=100)","2004 June","CPI excluding Housing","Base Dec 2006=100","95.2"
"Consumer Price Index (Base Dec 2006=100)","2004 July","CPI excluding Housing","Base Dec 2006=100","94.9"
"Consumer Price Index (Base Dec 2006=100)","2004 August","CPI excluding Housing","Base Dec 2006=100","95.4"
"Consumer Price Index (Base Dec 2006=100)","2004 September","CPI excluding Housing","Base Dec 2006=100","95.4"
"Consumer Price Index (Base Dec 2006=100)","2004 October","CPI excluding Housing","Base Dec 2006=100","95.5"
"Consumer Price Index (Base Dec 2006=100)","2004 November","CPI excluding Housing","Base Dec 2006=100","95.7"
"Consumer Price Index (Base Dec 2006=100)","2004 December","CPI excluding Housing","Base Dec 2006=100","95.7"
"Consumer Price Index (Base Dec 2006=100)","2005 January","CPI excluding Housing","Base Dec 2006=100","94.7"
"Consumer Price Index (Base Dec 2006=100)","2005 February","CPI excluding Housing","Base Dec 2006=100","95.5"
"Consumer Price Index (Base Dec 2006=100)","2005 March","CPI excluding Housing","Base Dec 2006=100","95.7"
"Consumer Price Index (Base Dec 2006=100)","2005 April","CPI excluding Housing","Base Dec 2006=100","96.2"
"Consumer Price Index (Base Dec 2006=100)","2005 May","CPI excluding Housing","Base Dec 2006=100","96.5"
"Consumer Price Index (Base Dec 2006=100)","2005 June","CPI excluding Housing","Base Dec 2006=100","96.7"
"Consumer Price Index (Base Dec 2006=100)","2005 July","CPI excluding Housing","Base Dec 2006=100","96.6"
"Consumer Price Index (Base Dec 2006=100)","2005 August","CPI excluding Housing","Base Dec 2006=100","97.1"
"Consumer Price Index (Base Dec 2006=100)","2005 September","CPI excluding Housing","Base Dec 2006=100","97.9"
"Consumer Price Index (Base Dec 2006=100)","2005 October","CPI excluding Housing","Base Dec 2006=100","97.9"
"Consumer Price Index (Base Dec 2006=100)","2005 November","CPI excluding Housing","Base Dec 2006=100","97.6"
"Consumer Price Index (Base Dec 2006=100)","2005 December","CPI excluding Housing","Base Dec 2006=100","97.4"
"Consumer Price Index (Base Dec 2006=100)","2006 January","CPI excluding Housing","Base Dec 2006=100","96.8"
"Consumer Price Index (Base Dec 2006=100)","2006 February","CPI excluding Housing","Base Dec 2006=100","98"
"Consumer Price Index (Base Dec 2006=100)","2006 March","CPI excluding Housing","Base Dec 2006=100","98.3"
"Consumer Price Index (Base Dec 2006=100)","2006 April","CPI excluding Housing","Base Dec 2006=100","98.8"
"Consumer Price Index (Base Dec 2006=100)","2006 May","CPI excluding Housing","Base Dec 2006=100","99.2"
"Consumer Price Index (Base Dec 2006=100)","2006 June","CPI excluding Housing","Base Dec 2006=100","99.4"
"Consumer Price Index (Base Dec 2006=100)","2006 July","CPI excluding Housing","Base Dec 2006=100","99.2"
"Consumer Price Index (Base Dec 2006=100)","2006 August","CPI excluding Housing","Base Dec 2006=100","99.9"
"Consumer Price Index (Base Dec 2006=100)","2006 September","CPI excluding Housing","Base Dec 2006=100","99.8"
"Consumer Price Index (Base Dec 2006=100)","2006 October","CPI excluding Housing","Base Dec 2006=100","99.7"
"Consumer Price Index (Base Dec 2006=100)","2006 November","CPI excluding Housing","Base Dec 2006=100","99.6"
"Consumer Price Index (Base Dec 2006=100)","2006 December","CPI excluding Housing","Base Dec 2006=100","100"
"Consumer Price Index (Base Dec 2006=100)","2007 January","CPI excluding Housing","Base Dec 2006=100","99.4"
"Consumer Price Index (Base Dec 2006=100)","2007 February","CPI excluding Housing","Base Dec 2006=100","100.2"
"Consumer Price Index (Base Dec 2006=100)","2007 March","CPI excluding Housing","Base Dec 2006=100","100.8"
"Consumer Price Index (Base Dec 2006=100)","2007 April","CPI excluding Housing","Base Dec 2006=100","101.2"
"Consumer Price Index (Base Dec 2006=100)","2007 May","CPI excluding Housing","Base Dec 2006=100","101.5"
"Consumer Price Index (Base Dec 2006=100)","2007 June","CPI excluding Housing","Base Dec 2006=100","101.7"
"Consumer Price Index (Base Dec 2006=100)","2007 July","CPI excluding Housing","Base Dec 2006=100","101.5"
"Consumer Price Index (Base Dec 2006=100)","2007 August","CPI excluding Housing","Base Dec 2006=100","101.9"
"Consumer Price Index (Base Dec 2006=100)","2007 September","CPI excluding Housing","Base Dec 2006=100","102.2"
"Consumer Price Index (Base Dec 2006=100)","2007 October","CPI excluding Housing","Base Dec 2006=100","102.3"
"Consumer Price Index (Base Dec 2006=100)","2007 November","CPI excluding Housing","Base Dec 2006=100","102.8"
"Consumer Price Index (Base Dec 2006=100)","2007 December","CPI excluding Housing","Base Dec 2006=100","102.8"
"Consumer Price Index (Base Dec 2006=100)","2008 January","CPI excluding Housing","Base Dec 2006=100","102.1"
"Consumer Price Index (Base Dec 2006=100)","2008 February","CPI excluding Housing","Base Dec 2006=100","103.5"
"Consumer Price Index (Base Dec 2006=100)","2008 March","CPI excluding Housing","Base Dec 2006=100","104.4"
"Consumer Price Index (Base Dec 2006=100)","2008 April","CPI excluding Housing","Base Dec 2006=100","104.5"
"Consumer Price Index (Base Dec 2006=100)","2008 May","CPI excluding Housing","Base Dec 2006=100","105.2"
"Consumer Price Index (Base Dec 2006=100)","2008 June","CPI excluding Housing","Base Dec 2006=100","105.7"
"Consumer Price Index (Base Dec 2006=100)","2008 July","CPI excluding Housing","Base Dec 2006=100","105.1"
"Consumer Price Index (Base Dec 2006=100)","2008 August","CPI excluding Housing","Base Dec 2006=100","105.3"
"Consumer Price Index (Base Dec 2006=100)","2008 September","CPI excluding Housing","Base Dec 2006=100","105.6"
"Consumer Price Index (Base Dec 2006=100)","2008 October","CPI excluding Housing","Base Dec 2006=100","105.2"
"Consumer Price Index (Base Dec 2006=100)","2008 November","CPI excluding Housing","Base Dec 2006=100","105.3"
"Consumer Price Index (Base Dec 2006=100)","2008 December","CPI excluding Housing","Base Dec 2006=100","104.5"
"Consumer Price Index (Base Dec 2006=100)","2009 January","CPI excluding Housing","Base Dec 2006=100","103.9"
"Consumer Price Index (Base Dec 2006=100)","2009 February","CPI excluding Housing","Base Dec 2006=100","104.3"
"Consumer Price Index (Base Dec 2006=100)","2009 March","CPI excluding Housing","Base Dec 2006=100","104.5"
"Consumer Price Index (Base Dec 2006=100)","2009 April","CPI excluding Housing","Base Dec 2006=100","104.5"
"Consumer Price Index (Base Dec 2006=100)","2009 May","CPI excluding Housing","Base Dec 2006=100","104.3"
"Consumer Price Index (Base Dec 2006=100)","2009 June","CPI excluding Housing","Base Dec 2006=100","104.3"
"Consumer Price Index (Base Dec 2006=100)","2009 July","CPI excluding Housing","Base Dec 2006=100","103.4"
"Consumer Price Index (Base Dec 2006=100)","2009 August","CPI excluding Housing","Base Dec 2006=100","103.7"
"Consumer Price Index (Base Dec 2006=100)","2009 September","CPI excluding Housing","Base Dec 2006=100","103.3"
"Consumer Price Index (Base Dec 2006=100)","2009 October","CPI excluding Housing","Base Dec 2006=100","103"
"Consumer Price Index (Base Dec 2006=100)","2009 November","CPI excluding Housing","Base Dec 2006=100","103.1"
"Consumer Price Index (Base Dec 2006=100)","2009 December","CPI excluding Housing","Base Dec 2006=100","102.5"
"Consumer Price Index (Base Dec 2006=100)","2010 January","CPI excluding Housing","Base Dec 2006=100","101.9"
"Consumer Price Index (Base Dec 2006=100)","2010 February","CPI excluding Housing","Base Dec 2006=100","102.1"
"Consumer Price Index (Base Dec 2006=100)","2010 March","CPI excluding Housing","Base Dec 2006=100","102.2"
"Consumer Price Index (Base Dec 2006=100)","2010 April","CPI excluding Housing","Base Dec 2006=100","102.3"
"Consumer Price Index (Base Dec 2006=100)","2010 May","CPI excluding Housing","Base Dec 2006=100","102.6"
"Consumer Price Index (Base Dec 2006=100)","2010 June","CPI excluding Housing","Base Dec 2006=100","102.4"
"Consumer Price Index (Base Dec 2006=100)","2010 July","CPI excluding Housing","Base Dec 2006=100","102.4"
"Consumer Price Index (Base Dec 2006=100)","2010 August","CPI excluding Housing","Base Dec 2006=100","102.6"
"Consumer Price Index (Base Dec 2006=100)","2010 September","CPI excluding Housing","Base Dec 2006=100","102.4"
"Consumer Price Index (Base Dec 2006=100)","2010 October","CPI excluding Housing","Base Dec 2006=100","102.4"
"Consumer Price Index (Base Dec 2006=100)","2010 November","CPI excluding Housing","Base Dec 2006=100","102.3"
"Consumer Price Index (Base Dec 2006=100)","2010 December","CPI excluding Housing","Base Dec 2006=100","102.6"
"Consumer Price Index (Base Dec 2006=100)","2011 January","CPI excluding Housing","Base Dec 2006=100","102.4"
"Consumer Price Index (Base Dec 2006=100)","2011 February","CPI excluding Housing","Base Dec 2006=100","103.4"
"Consumer Price Index (Base Dec 2006=100)","2011 March","CPI excluding Housing","Base Dec 2006=100","104"
"Consumer Price Index (Base Dec 2006=100)","2011 April","CPI excluding Housing","Base Dec 2006=100","104.3"
"Consumer Price Index (Base Dec 2006=100)","2011 May","CPI excluding Housing","Base Dec 2006=100","104.3"
"Consumer Price Index (Base Dec 2006=100)","2011 June","CPI excluding Housing","Base Dec 2006=100","104.1"
"Consumer Price Index (Base Dec 2006=100)","2011 July","CPI excluding Housing","Base Dec 2006=100","103.9"
"Consumer Price Index (Base Dec 2006=100)","2011 August","CPI excluding Housing","Base Dec 2006=100","104.1"
"Consumer Price Index (Base Dec 2006=100)","2011 September","CPI excluding Housing","Base Dec 2006=100","104.2"
"Consumer Price Index (Base Dec 2006=100)","2011 October","CPI excluding Housing","Base Dec 2006=100","104.5"
"Consumer Price Index (Base Dec 2006=100)","2011 November","CPI excluding Housing","Base Dec 2006=100","104.5"
"Consumer Price Index (Base Dec 2006=100)","2011 December","CPI excluding Housing","Base Dec 2006=100","104.5"
"Consumer Price Index (Base Dec 2006=100)","2012 January","CPI excluding Housing","Base Dec 2006=100","104.2"
"Consumer Price Index (Base Dec 2006=100)","2012 February","CPI excluding Housing","Base Dec 2006=100","105.4"
"Consumer Price Index (Base Dec 2006=100)","2012 March","CPI excluding Housing","Base Dec 2006=100","106.6"
"Consumer Price Index (Base Dec 2006=100)","2012 April","CPI excluding Housing","Base Dec 2006=100","106.8"
"Consumer Price Index (Base Dec 2006=100)","2012 May","CPI excluding Housing","Base Dec 2006=100","106.8"
"Consumer Price Index (Base Dec 2006=100)","2012 June","CPI excluding Housing","Base Dec 2006=100","106.6"
"Consumer Price Index (Base Dec 2006=100)","2012 July","CPI excluding Housing","Base Dec 2006=100","106.5"
"Consumer Price Index (Base Dec 2006=100)","2012 August","CPI excluding Housing","Base Dec 2006=100","107.4"
"Consumer Price Index (Base Dec 2006=100)","2012 September","CPI excluding Housing","Base Dec 2006=100","107.3"
"Consumer Price Index (Base Dec 2006=100)","2012 October","CPI excluding Housing","Base Dec 2006=100","107.2"
"Consumer Price Index (Base Dec 2006=100)","2012 November","CPI excluding Housing","Base Dec 2006=100","106.6"
"Consumer Price Index (Base Dec 2006=100)","2012 December","CPI excluding Housing","Base Dec 2006=100","106.7"
"Consumer Price Index (Base Dec 2006=100)","2013 January","CPI excluding Housing","Base Dec 2006=100","106.2"
"Consumer Price Index (Base Dec 2006=100)","2013 February","CPI excluding Housing","Base Dec 2006=100","107.1"
"Consumer Price Index (Base Dec 2006=100)","2013 March","CPI excluding Housing","Base Dec 2006=100","107.6"
"Consumer Price Index (Base Dec 2006=100)","2013 April","CPI excluding Housing","Base Dec 2006=100","107.6"
"Consumer Price Index (Base Dec 2006=100)","2013 May","CPI excluding Housing","Base Dec 2006=100","107.5"
"Consumer Price Index (Base Dec 2006=100)","2013 June","CPI excluding Housing","Base Dec 2006=100","107.5"
"Consumer Price Index (Base Dec 2006=100)","2013 July","CPI excluding Housing","Base Dec 2006=100","107.5"
"Consumer Price Index (Base Dec 2006=100)","2013 August","CPI excluding Housing","Base Dec 2006=100","107.5"
"Consumer Price Index (Base Dec 2006=100)","2013 September","CPI excluding Housing","Base Dec 2006=100","107.4"
"Consumer Price Index (Base Dec 2006=100)","2013 October","CPI excluding Housing","Base Dec 2006=100","107.2"
"Consumer Price Index (Base Dec 2006=100)","2013 November","CPI excluding Housing","Base Dec 2006=100","106.9"
"Consumer Price Index (Base Dec 2006=100)","2013 December","CPI excluding Housing","Base Dec 2006=100","107"
"Consumer Price Index (Base Dec 2006=100)","2014 January","CPI excluding Housing","Base Dec 2006=100","106.5"
"Consumer Price Index (Base Dec 2006=100)","2014 February","CPI excluding Housing","Base Dec 2006=100","107.1"
"Consumer Price Index (Base Dec 2006=100)","2014 March","CPI excluding Housing","Base Dec 2006=100","107.9"
"Consumer Price Index (Base Dec 2006=100)","2014 April","CPI excluding Housing","Base Dec 2006=100","108"
"Consumer Price Index (Base Dec 2006=100)","2014 May","CPI excluding Housing","Base Dec 2006=100","107.9"
"Consumer Price Index (Base Dec 2006=100)","2014 June","CPI excluding Housing","Base Dec 2006=100","108.1"
"Consumer Price Index (Base Dec 2006=100)","2014 July","CPI excluding Housing","Base Dec 2006=100","107.9"
"Consumer Price Index (Base Dec 2006=100)","2014 August","CPI excluding Housing","Base Dec 2006=100","108.2"
"Consumer Price Index (Base Dec 2006=100)","2014 September","CPI excluding Housing","Base Dec 2006=100","107.8"
"Consumer Price Index (Base Dec 2006=100)","2014 October","CPI excluding Housing","Base Dec 2006=100","107.5"
"Consumer Price Index (Base Dec 2006=100)","2014 November","CPI excluding Housing","Base Dec 2006=100","107.2"
"Consumer Price Index (Base Dec 2006=100)","2014 December","CPI excluding Housing","Base Dec 2006=100","106.8"
"Consumer Price Index (Base Dec 2006=100)","2015 January","CPI excluding Housing","Base Dec 2006=100","105.5"
"Consumer Price Index (Base Dec 2006=100)","2015 February","CPI excluding Housing","Base Dec 2006=100","106.2"
"Consumer Price Index (Base Dec 2006=100)","2015 March","CPI excluding Housing","Base Dec 2006=100","106.9"
"Consumer Price Index (Base Dec 2006=100)","2015 April","CPI excluding Housing","Base Dec 2006=100","106.8"
"Consumer Price Index (Base Dec 2006=100)","2015 May","CPI excluding Housing","Base Dec 2006=100","107.3"
"Consumer Price Index (Base Dec 2006=100)","2015 June","CPI excluding Housing","Base Dec 2006=100","107.7"
"Consumer Price Index (Base Dec 2006=100)","2015 July","CPI excluding Housing","Base Dec 2006=100","107.3"
"Consumer Price Index (Base Dec 2006=100)","2015 August","CPI excluding Housing","Base Dec 2006=100","107.7"
"Consumer Price Index (Base Dec 2006=100)","2015 September","CPI excluding Housing","Base Dec 2006=100","107.1"
"Consumer Price Index (Base Dec 2006=100)","2015 October","CPI excluding Housing","Base Dec 2006=100","106.8"
"Consumer Price Index (Base Dec 2006=100)","2015 November","CPI excluding Housing","Base Dec 2006=100","106.5"
"Consumer Price Index (Base Dec 2006=100)","2015 December","CPI excluding Housing","Base Dec 2006=100","106.4"
"Consumer Price Index (Base Dec 2006=100)","2016 January","CPI excluding Housing","Base Dec 2006=100","105.4"
"Consumer Price Index (Base Dec 2006=100)","2016 February","CPI excluding Housing","Base Dec 2006=100","105.8"
"Consumer Price Index (Base Dec 2006=100)","2016 March","CPI excluding Housing","Base Dec 2006=100","106.2"
"Consumer Price Index (Base Dec 2006=100)","2016 April","CPI excluding Housing","Base Dec 2006=100","106.4"
"Consumer Price Index (Base Dec 2006=100)","2016 May","CPI excluding Housing","Base Dec 2006=100","107.1"
"Consumer Price Index (Base Dec 2006=100)","2016 June","CPI excluding Housing","Base Dec 2006=100","107.8"
"Consumer Price Index (Base Dec 2006=100)","2016 July","CPI excluding Housing","Base Dec 2006=100","107.6"
"Consumer Price Index (Base Dec 2006=100)","2016 August","CPI excluding Housing","Base Dec 2006=100","107.3"
"Consumer Price Index (Base Dec 2006=100)","2016 September","CPI excluding Housing","Base Dec 2006=100","106.7"
"Consumer Price Index (Base Dec 2006=100)","2016 October","CPI excluding Housing","Base Dec 2006=100","106.1"
"Consumer Price Index (Base Dec 2006=100)","2016 November","CPI excluding Housing","Base Dec 2006=100","106.1"
"Consumer Price Index (Base Dec 2006=100)","2016 December","CPI excluding Housing","Base Dec 2006=100","106"
"Consumer Price Index (Base Dec 2006=100)","2017 January","CPI excluding Housing","Base Dec 2006=100","105.4"
"Consumer Price Index (Base Dec 2006=100)","2017 February","CPI excluding Housing","Base Dec 2006=100","106"
"Consumer Price Index (Base Dec 2006=100)","2017 March","CPI excluding Housing","Base Dec 2006=100","106.7"
"Consumer Price Index (Base Dec 2006=100)","2017 April","CPI excluding Housing","Base Dec 2006=100","107.2"
"Consumer Price Index (Base Dec 2006=100)","2017 May","CPI excluding Housing","Base Dec 2006=100","106.9"
"Consumer Price Index (Base Dec 2006=100)","2017 June","CPI excluding Housing","Base Dec 2006=100","106.9"
"Consumer Price Index (Base Dec 2006=100)","2017 July","CPI excluding Housing","Base Dec 2006=100","106.9"
"Consumer Price Index (Base Dec 2006=100)","2017 August","CPI excluding Housing","Base Dec 2006=100","107.4"
"Consumer Price Index (Base Dec 2006=100)","2017 September","CPI excluding Housing","Base Dec 2006=100","106.5"
"Consumer Price Index (Base Dec 2006=100)","2017 October","CPI excluding Housing","Base Dec 2006=100","106.3"
"Consumer Price Index (Base Dec 2006=100)","2017 November","CPI excluding Housing","Base Dec 2006=100","106.2"
"Consumer Price Index (Base Dec 2006=100)","2017 December","CPI excluding Housing","Base Dec 2006=100","106"
"Consumer Price Index (Base Dec 2006=100)","2018 January","CPI excluding Housing","Base Dec 2006=100","105.2"
"Consumer Price Index (Base Dec 2006=100)","2018 February","CPI excluding Housing","Base Dec 2006=100","106.1"
"Consumer Price Index (Base Dec 2006=100)","2018 March","CPI excluding Housing","Base Dec 2006=100","106.4"
"Consumer Price Index (Base Dec 2006=100)","2018 April","CPI excluding Housing","Base Dec 2006=100","106.2"
"Consumer Price Index (Base Dec 2006=100)","2018 May","CPI excluding Housing","Base Dec 2006=100","106.8"
"Consumer Price Index (Base Dec 2006=100)","2018 June","CPI excluding Housing","Base Dec 2006=100","106.9"
"Consumer Price Index (Base Dec 2006=100)","2018 July","CPI excluding Housing","Base Dec 2006=100","107.3"
"Consumer Price Index (Base Dec 2006=100)","2018 August","CPI excluding Housing","Base Dec 2006=100","107.6"
"Consumer Price Index (Base Dec 2006=100)","2018 September","CPI excluding Housing","Base Dec 2006=100","107.1"
"Consumer Price Index (Base Dec 2006=100)","2018 October","CPI excluding Housing","Base Dec 2006=100","106.9"
"Consumer Price Index (Base Dec 2006=100)","2018 November","CPI excluding Housing","Base Dec 2006=100","106.4"
"Consumer Price Index (Base Dec 2006=100)","2018 December","CPI excluding Housing","Base Dec 2006=100","106.2"
"Consumer Price Index (Base Dec 2006=100)","2019 January","CPI excluding Housing","Base Dec 2006=100","105.5"
"Consumer Price Index (Base Dec 2006=100)","2019 February","CPI excluding Housing","Base Dec 2006=100","106.3"
"Consumer Price Index (Base Dec 2006=100)","2019 March","CPI excluding Housing","Base Dec 2006=100","107.2"
"Consumer Price Index (Base Dec 2006=100)","2019 April","CPI excluding Housing","Base Dec 2006=100","107.6"
"Consumer Price Index (Base Dec 2006=100)","2019 May","CPI excluding Housing","Base Dec 2006=100","107.5"
"Consumer Price Index (Base Dec 2006=100)","2019 June","CPI excluding Housing","Base Dec 2006=100","107.7"
"Consumer Price Index (Base Dec 2006=100)","2019 July","CPI excluding Housing","Base Dec 2006=100","107.4"
"Consumer Price Index (Base Dec 2006=100)","2019 August","CPI excluding Housing","Base Dec 2006=100","107.9"
"Consumer Price Index (Base Dec 2006=100)","2019 September","CPI excluding Housing","Base Dec 2006=100","107.6"
"Consumer Price Index (Base Dec 2006=100)","2019 October","CPI excluding Housing","Base Dec 2006=100","107.3"
"Consumer Price Index (Base Dec 2006=100)","2019 November","CPI excluding Housing","Base Dec 2006=100","107.1"
"Consumer Price Index (Base Dec 2006=100)","2019 December","CPI excluding Housing","Base Dec 2006=100","107.3"
"Consumer Price Index (Base Dec 2006=100)","2020 January","CPI excluding Housing","Base Dec 2006=100","106.5"
"Consumer Price Index (Base Dec 2006=100)","2020 February","CPI excluding Housing","Base Dec 2006=100","107.2"
"Consumer Price Index (Base Dec 2006=100)","2020 March","CPI excluding Housing","Base Dec 2006=100","107.7"
"Consumer Price Index (Base Dec 2006=100)","2020 April","CPI excluding Housing","Base Dec 2006=100","107.3"
"Consumer Price Index (Base Dec 2006=100)","2020 May","CPI excluding Housing","Base Dec 2006=100","106.7"
"Consumer Price Index (Base Dec 2006=100)","2020 June","CPI excluding Housing","Base Dec 2006=100","107.2"
"Consumer Price Index (Base Dec 2006=100)","2020 July","CPI excluding Housing","Base Dec 2006=100","106.9"
"Consumer Price Index (Base Dec 2006=100)","2020 August","CPI excluding Housing","Base Dec 2006=100","106.7"
"Consumer Price Index (Base Dec 2006=100)","2020 September","CPI excluding Housing","Base Dec 2006=100","106.3"
"Consumer Price Index (Base Dec 2006=100)","2020 October","CPI excluding Housing","Base Dec 2006=100","105.6"
"Consumer Price Index (Base Dec 2006=100)","2020 November","CPI excluding Housing","Base Dec 2006=100","105.9"
"Consumer Price Index (Base Dec 2006=100)","2020 December","CPI excluding Housing","Base Dec 2006=100","106.2"
"Consumer Price Index (Base Dec 2006=100)","2021 January","CPI excluding Housing","Base Dec 2006=100","106.4"
"Consumer Price Index (Base Dec 2006=100)","2021 February","CPI excluding Housing","Base Dec 2006=100","106.7"
"Consumer Price Index (Base Dec 2006=100)","2021 March","CPI excluding Housing","Base Dec 2006=100","107.6"
"Consumer Price Index (Base Dec 2006=100)","2021 April","CPI excluding Housing","Base Dec 2006=100","108.3"
"Consumer Price Index (Base Dec 2006=100)","2021 May","CPI excluding Housing","Base Dec 2006=100","108.5"
"Consumer Price Index (Base Dec 2006=100)","2021 June","CPI excluding Housing","Base Dec 2006=100","108.7"
"Consumer Price Index (Base Dec 2006=100)","2021 July","CPI excluding Housing","Base Dec 2006=100","109.1"
"Consumer Price Index (Base Dec 2006=100)","2021 August","CPI excluding Housing","Base Dec 2006=100","109.8"
"Consumer Price Index (Base Dec 2006=100)","2021 September","CPI excluding Housing","Base Dec 2006=100","110.1"
"Consumer Price Index (Base Dec 2006=100)","2021 October","CPI excluding Housing","Base Dec 2006=100","110.8"
"Consumer Price Index (Base Dec 2006=100)","2021 November","CPI excluding Housing","Base Dec 2006=100","111.5"
"Consumer Price Index (Base Dec 2006=100)","2021 December","CPI excluding Housing","Base Dec 2006=100","112"
"Consumer Price Index (Base Dec 2006=100)","2022 January","CPI excluding Housing","Base Dec 2006=100","111.5"
"Consumer Price Index (Base Dec 2006=100)","2022 February","CPI excluding Housing","Base Dec 2006=100","112.5"
"Consumer Price Index (Base Dec 2006=100)","2022 March","CPI excluding Housing","Base Dec 2006=100","114.9"
"Consumer Price Index (Base Dec 2006=100)","2022 April","CPI excluding Housing","Base Dec 2006=100","115.9"
"Consumer Price Index (Base Dec 2006=100)","2022 May","CPI excluding Housing","Base Dec 2006=100","117"
"Consumer Price Index (Base Dec 2006=100)","2022 June","CPI excluding Housing","Base Dec 2006=100","118.6"
"Consumer Price Index (Base Dec 2006=100)","2022 July","CPI excluding Housing","Base Dec 2006=100","119.1"
"Consumer Price Index (Base Dec 2006=100)","2022 August","CPI excluding Housing","Base Dec 2006=100","119.1"
"Consumer Price Index (Base Dec 2006=100)","2022 September","CPI excluding Housing","Base Dec 2006=100","118.9"
"Consumer Price Index (Base Dec 2006=100)","2022 October","CPI excluding Housing","Base Dec 2006=100","120.8"
"Consumer Price Index (Base Dec 2006=100)","2022 November","CPI excluding Housing","Base Dec 2006=100","121"
"Consumer Price Index (Base Dec 2006=100)","2022 December","CPI excluding Housing","Base Dec 2006=100","120.6"
"Consumer Price Index (Base Dec 2006=100)","2023 January","CPI excluding Housing","Base Dec 2006=100","119.3"
"Consumer Price Index (Base Dec 2006=100)","2023 February","CPI excluding Housing","Base Dec 2006=100","121.2"
"Consumer Price Index (Base Dec 2006=100)","2023 March","CPI excluding Housing","Base Dec 2006=100","122.5"
"Consumer Price Index (Base Dec 2006=100)","2023 April","CPI excluding Housing","Base Dec 2006=100","122.9"
"Consumer Price Index (Base Dec 2006=100)","2023 May","CPI excluding Housing","Base Dec 2006=100","123.2"
"Consumer Price Index (Base Dec 2006=100)","2023 June","CPI excluding Housing","Base Dec 2006=100","124.2"
"Consumer Price Index (Base Dec 2006=100)","2023 July","CPI excluding Housing","Base Dec 2006=100","124.3"
"Consumer Price Index (Base Dec 2006=100)","2023 August","CPI excluding Housing","Base Dec 2006=100","124.9"
"Consumer Price Index (Base Dec 2006=100)","2023 September","CPI excluding Housing","Base Dec 2006=100","124.9"
"Consumer Price Index (Base Dec 2006=100)","2023 October","CPI excluding Housing","Base Dec 2006=100","125.2"
"Consumer Price Index (Base Dec 2006=100)","2023 November","CPI excluding Housing","Base Dec 2006=100","124"
"Consumer Price Index (Base Dec 2006=100)","2023 December","CPI excluding Housing","Base Dec 2006=100","124.5"
"Consumer Price Index (Base Dec 2006=100)","2024 January","CPI excluding Housing","Base Dec 2006=100","122.7"
"Consumer Price Index (Base Dec 2006=100)","2024 February","CPI excluding Housing","Base Dec 2006=100","124"
"Consumer Price Index (Base Dec 2006=100)","2024 March","CPI excluding Housing","Base Dec 2006=100","124.6"
"Consumer Price Index (Base Dec 2006=100)","2024 April","CPI excluding Housing","Base Dec 2006=100","124.8"
"Consumer Price Index (Base Dec 2006=100)","2024 May","CPI excluding Housing","Base Dec 2006=100","125.6"
"Consumer Price Index (Base Dec 2006=100)","2024 June","CPI excluding Housing","Base Dec 2006=100","126"
"Consumer Price Index (Base Dec 2006=100)","2024 July","CPI excluding Housing","Base Dec 2006=100","126.2"
"Consumer Price Index (Base Dec 2006=100)","2024 August","CPI excluding Housing","Base Dec 2006=100","126.3"
